timeStamp,elapsed,label,responseCode,responseMessage,threadName,dataType,success,failureMessage,bytes,sentBytes,grpThreads,allThreads,URL,Latency,IdleTime,Connect
1705666482719,2335,HTTP Request,200,OK,Assignment_2 8-1,text,true,,244928,252,2,34,https://www.makemytrip.com:443/homestays/,223,0,190
1705666482719,223,HTTP Request-0,301,Moved Permanently,Assignment_2 8-1,text,true,,348,122,2,34,https://makemytrip.com/homestays/,223,0,190
1705666482942,2112,HTTP Request-1,200,OK,Assignment_2 8-1,text,true,,244580,130,2,34,https://www.makemytrip.com:443/homestays/,1947,0,170
1705666488709,1903,HTTP Request,200,OK,Assignment_2 8-1,text,true,,237662,246,3,4,https://www.makemytrip.com:443/hotels/,38,0,0
1705666488709,38,HTTP Request-0,301,Moved Permanently,Assignment_2 8-1,text,true,,345,119,3,4,https://makemytrip.com/hotels/,38,0,0
1705666488747,1865,HTTP Request-1,200,OK,Assignment_2 8-1,text,true,,237317,127,3,4,https://www.makemytrip.com:443/hotels/,1785,0,0
1705666488709,1976,HTTP Request,200,OK,Assignment_2 8-2,text,true,,237635,246,3,4,https://www.makemytrip.com:443/hotels/,85,0,69
1705666488709,85,HTTP Request-0,301,Moved Permanently,Assignment_2 8-2,text,true,,345,119,3,4,https://makemytrip.com/hotels/,85,0,69
1705666488794,1891,HTTP Request-1,200,OK,Assignment_2 8-2,text,true,,237290,127,3,4,https://www.makemytrip.com:443/hotels/,1836,0,73
1705666494716,2021,HTTP Request,200,OK,Assignment_2 8-1,text,true,,244964,252,4,5,https://www.makemytrip.com:443/homestays/,202,0,0
1705666494716,202,HTTP Request-0,301,Moved Permanently,Assignment_2 8-1,text,true,,348,122,4,5,https://makemytrip.com/homestays/,202,0,0
1705666494918,1819,HTTP Request-1,200,OK,Assignment_2 8-1,text,true,,244616,130,4,5,https://www.makemytrip.com:443/homestays/,1802,0,0
1705666494716,2133,HTTP Request,200,OK,Assignment_2 8-2,text,true,,237654,246,3,4,https://www.makemytrip.com:443/hotels/,293,0,0
1705666494716,293,HTTP Request-0,301,Moved Permanently,Assignment_2 8-2,text,true,,345,119,3,4,https://makemytrip.com/hotels/,293,0,0
1705666495010,1839,HTTP Request-1,200,OK,Assignment_2 8-2,text,true,,237309,127,3,4,https://www.makemytrip.com:443/hotels/,1808,0,0
1705666494716,3432,HTTP Request,200,OK,Assignment_2 8-3,text,true,,231129,262,3,4,https://www.makemytrip.com:443/holidays-india/,1086,0,1068
1705666494716,1086,HTTP Request-0,301,Moved Permanently,Assignment_2 8-3,text,true,,353,127,3,4,https://makemytrip.com/holidays-india/,1086,0,1068
1705666495803,2345,HTTP Request-1,200,OK,Assignment_2 8-3,text,true,,230776,135,3,4,https://www.makemytrip.com:443/holidays-india/,2295,0,43
1705666500714,1833,HTTP Request,200,OK,Assignment_2 8-3,text,true,,237659,246,4,5,https://www.makemytrip.com:443/hotels/,14,0,0
1705666500714,14,HTTP Request-0,301,Moved Permanently,Assignment_2 8-3,text,true,,345,119,4,5,https://makemytrip.com/hotels/,14,0,0
1705666500728,1819,HTTP Request-1,200,OK,Assignment_2 8-3,text,true,,237314,127,4,5,https://www.makemytrip.com:443/hotels/,1755,0,0
1705666500714,1839,HTTP Request,200,OK,Assignment_2 8-2,text,true,,244964,252,4,5,https://www.makemytrip.com:443/homestays/,13,0,0
1705666500714,13,HTTP Request-0,301,Moved Permanently,Assignment_2 8-2,text,true,,348,122,4,5,https://makemytrip.com/homestays/,13,0,0
1705666500727,1826,HTTP Request-1,200,OK,Assignment_2 8-2,text,true,,244616,130,4,5,https://www.makemytrip.com:443/homestays/,1807,0,0
1705666500715,2488,HTTP Request,200,OK,Assignment_2 8-4,text,true,,231117,262,3,4,https://www.makemytrip.com:443/holidays-india/,130,0,99
1705666500715,130,HTTP Request-0,301,Moved Permanently,Assignment_2 8-4,text,true,,353,127,3,4,https://makemytrip.com/holidays-india/,130,0,99
1705666500845,2358,HTTP Request-1,200,OK,Assignment_2 8-4,text,true,,230764,135,3,4,https://www.makemytrip.com:443/holidays-india/,2286,0,58
1705666506714,1864,HTTP Request,200,OK,Assignment_2 8-3,text,true,,244964,252,4,4,https://www.makemytrip.com:443/homestays/,12,0,0
1705666506714,13,HTTP Request-0,301,Moved Permanently,Assignment_2 8-3,text,true,,348,122,4,4,https://makemytrip.com/homestays/,12,0,0
1705666506727,1851,HTTP Request-1,200,OK,Assignment_2 8-3,text,true,,244616,130,4,4,https://www.makemytrip.com:443/homestays/,1840,0,0
1705666506714,1918,HTTP Request,200,OK,Assignment_2 8-4,text,true,,237657,246,3,3,https://www.makemytrip.com:443/hotels/,13,0,0
1705666506714,13,HTTP Request-0,301,Moved Permanently,Assignment_2 8-4,text,true,,345,119,3,3,https://makemytrip.com/hotels/,13,0,0
1705666506727,1905,HTTP Request-1,200,OK,Assignment_2 8-4,text,true,,237312,127,3,3,https://www.makemytrip.com:443/hotels/,1864,0,0
1705666506715,2822,HTTP Request,200,OK,Assignment_2 8-5,text,true,,231153,262,3,3,https://www.makemytrip.com:443/holidays-india/,83,0,70
1705666506715,83,HTTP Request-0,301,Moved Permanently,Assignment_2 8-5,text,true,,353,127,3,3,https://makemytrip.com/holidays-india/,83,0,70
1705666506799,2738,HTTP Request-1,200,OK,Assignment_2 8-5,text,true,,230800,135,3,3,https://www.makemytrip.com:443/holidays-india/,2677,0,34
1705666512716,1832,HTTP Request,200,OK,Assignment_2 8-4,text,true,,244964,252,4,4,https://www.makemytrip.com:443/homestays/,21,0,0
1705666512716,21,HTTP Request-0,301,Moved Permanently,Assignment_2 8-4,text,true,,348,122,4,4,https://makemytrip.com/homestays/,21,0,0
1705666512737,1811,HTTP Request-1,200,OK,Assignment_2 8-4,text,true,,244616,130,4,4,https://www.makemytrip.com:443/homestays/,1801,0,0
1705666512717,1950,HTTP Request,200,OK,Assignment_2 8-5,text,true,,237663,246,3,3,https://www.makemytrip.com:443/hotels/,20,0,0
1705666512717,20,HTTP Request-0,301,Moved Permanently,Assignment_2 8-5,text,true,,345,119,3,3,https://makemytrip.com/hotels/,20,0,0
1705666512737,1930,HTTP Request-1,200,OK,Assignment_2 8-5,text,true,,237318,127,3,3,https://www.makemytrip.com:443/hotels/,1886,0,0
1705666512717,2314,HTTP Request,200,OK,Assignment_2 8-6,text,true,,231117,262,3,3,https://www.makemytrip.com:443/holidays-india/,68,0,55
1705666512717,68,HTTP Request-0,301,Moved Permanently,Assignment_2 8-6,text,true,,353,127,3,3,https://makemytrip.com/holidays-india/,68,0,55
1705666512785,2246,HTTP Request-1,200,OK,Assignment_2 8-6,text,true,,230764,135,3,3,https://www.makemytrip.com:443/holidays-india/,2170,0,40
1705666518715,1866,HTTP Request,200,OK,Assignment_2 8-6,text,true,,237647,246,4,4,https://www.makemytrip.com:443/hotels/,17,0,0
1705666518715,17,HTTP Request-0,301,Moved Permanently,Assignment_2 8-6,text,true,,345,119,4,4,https://makemytrip.com/hotels/,17,0,0
1705666518732,1849,HTTP Request-1,200,OK,Assignment_2 8-6,text,true,,237302,127,4,4,https://www.makemytrip.com:443/hotels/,1805,0,0
1705666518715,1896,HTTP Request,200,OK,Assignment_2 8-5,text,true,,244964,252,4,4,https://www.makemytrip.com:443/homestays/,17,0,0
1705666518715,17,HTTP Request-0,301,Moved Permanently,Assignment_2 8-5,text,true,,348,122,4,4,https://makemytrip.com/homestays/,17,0,0
1705666518732,1879,HTTP Request-1,200,OK,Assignment_2 8-5,text,true,,244616,130,4,4,https://www.makemytrip.com:443/homestays/,1867,0,0
1705666518715,2726,HTTP Request,200,OK,Assignment_2 8-7,text,true,,231117,262,3,3,https://www.makemytrip.com:443/holidays-india/,154,0,140
1705666518715,154,HTTP Request-0,301,Moved Permanently,Assignment_2 8-7,text,true,,353,127,3,3,https://makemytrip.com/holidays-india/,154,0,140
1705666518869,2572,HTTP Request-1,200,OK,Assignment_2 8-7,text,true,,230764,135,3,3,https://www.makemytrip.com:443/holidays-india/,2479,0,140
1705666524721,1883,HTTP Request,200,OK,Assignment_2 8-6,text,true,,244964,252,4,4,https://www.makemytrip.com:443/homestays/,13,0,0
1705666524721,13,HTTP Request-0,301,Moved Permanently,Assignment_2 8-6,text,true,,348,122,4,4,https://makemytrip.com/homestays/,13,0,0
1705666524734,1870,HTTP Request-1,200,OK,Assignment_2 8-6,text,true,,244616,130,4,4,https://www.makemytrip.com:443/homestays/,1852,0,0
1705666524721,1978,HTTP Request,200,OK,Assignment_2 8-7,text,true,,237660,246,3,3,https://www.makemytrip.com:443/hotels/,13,0,0
1705666524721,13,HTTP Request-0,301,Moved Permanently,Assignment_2 8-7,text,true,,345,119,3,3,https://makemytrip.com/hotels/,13,0,0
1705666524734,1965,HTTP Request-1,200,OK,Assignment_2 8-7,text,true,,237315,127,3,3,https://www.makemytrip.com:443/hotels/,1809,0,0
1705666524721,2534,HTTP Request,200,OK,Assignment_2 8-8,text,true,,231141,262,3,3,https://www.makemytrip.com:443/holidays-india/,63,0,46
1705666524721,63,HTTP Request-0,301,Moved Permanently,Assignment_2 8-8,text,true,,353,127,3,3,https://makemytrip.com/holidays-india/,63,0,46
1705666524784,2471,HTTP Request-1,200,OK,Assignment_2 8-8,text,true,,230788,135,3,3,https://www.makemytrip.com:443/holidays-india/,2345,0,46
1705666530716,1903,HTTP Request,200,OK,Assignment_2 8-8,text,true,,237649,246,4,4,https://www.makemytrip.com:443/hotels/,16,0,0
1705666530716,16,HTTP Request-0,301,Moved Permanently,Assignment_2 8-8,text,true,,345,119,4,4,https://makemytrip.com/hotels/,16,0,0
1705666530732,1887,HTTP Request-1,200,OK,Assignment_2 8-8,text,true,,237304,127,4,4,https://www.makemytrip.com:443/hotels/,1830,0,0
1705666530716,1904,HTTP Request,200,OK,Assignment_2 8-7,text,true,,244964,252,4,4,https://www.makemytrip.com:443/homestays/,16,0,0
1705666530716,16,HTTP Request-0,301,Moved Permanently,Assignment_2 8-7,text,true,,348,122,4,4,https://makemytrip.com/homestays/,16,0,0
1705666530732,1888,HTTP Request-1,200,OK,Assignment_2 8-7,text,true,,244616,130,4,4,https://www.makemytrip.com:443/homestays/,1867,0,0
1705666530716,2288,HTTP Request,200,OK,Assignment_2 8-9,text,true,,231129,262,3,3,https://www.makemytrip.com:443/holidays-india/,78,0,63
1705666530716,78,HTTP Request-0,301,Moved Permanently,Assignment_2 8-9,text,true,,353,127,3,3,https://makemytrip.com/holidays-india/,78,0,63
1705666530794,2210,HTTP Request-1,200,OK,Assignment_2 8-9,text,true,,230776,135,3,3,https://www.makemytrip.com:443/holidays-india/,2150,0,35
1705666536720,2019,HTTP Request,200,OK,Assignment_2 8-9,text,true,,237650,246,3,3,https://www.makemytrip.com:443/hotels/,64,0,0
1705666536720,64,HTTP Request-0,301,Moved Permanently,Assignment_2 8-9,text,true,,345,119,3,3,https://makemytrip.com/hotels/,64,0,0
1705666536784,1955,HTTP Request-1,200,OK,Assignment_2 8-9,text,true,,237305,127,3,3,https://www.makemytrip.com:443/hotels/,1854,0,0
1705666536720,2047,HTTP Request,200,OK,Assignment_2 8-8,text,true,,244964,252,3,3,https://www.makemytrip.com:443/homestays/,64,0,0
1705666536720,64,HTTP Request-0,301,Moved Permanently,Assignment_2 8-8,text,true,,348,122,3,3,https://makemytrip.com/homestays/,64,0,0
1705666536784,1983,HTTP Request-1,200,OK,Assignment_2 8-8,text,true,,244616,130,3,3,https://www.makemytrip.com:443/homestays/,1931,0,0
1705666536720,3001,HTTP Request,200,OK,Assignment_2 8-10,text,true,,231105,262,2,2,https://www.makemytrip.com:443/holidays-india/,173,0,138
1705666536720,173,HTTP Request-0,301,Moved Permanently,Assignment_2 8-10,text,true,,353,127,2,2,https://makemytrip.com/holidays-india/,173,0,138
1705666536893,2828,HTTP Request-1,200,OK,Assignment_2 8-10,text,true,,230752,135,2,2,https://www.makemytrip.com:443/holidays-india/,2554,0,70
1705666543744,1898,HTTP Request,200,OK,Assignment_2 8-10,text,true,,244964,252,2,2,https://www.makemytrip.com:443/homestays/,15,0,0
1705666543744,15,HTTP Request-0,301,Moved Permanently,Assignment_2 8-10,text,true,,348,122,2,2,https://makemytrip.com/homestays/,15,0,0
1705666543760,1882,HTTP Request-1,200,OK,Assignment_2 8-10,text,true,,244616,130,2,2,https://www.makemytrip.com:443/homestays/,1815,0,0
1705666543744,2114,HTTP Request,200,OK,Assignment_2 8-9,text,true,,231153,262,2,2,https://www.makemytrip.com:443/holidays-india/,15,0,0
1705666543744,15,HTTP Request-0,301,Moved Permanently,Assignment_2 8-9,text,true,,353,127,2,2,https://makemytrip.com/holidays-india/,15,0,0
1705666543760,2098,HTTP Request-1,200,OK,Assignment_2 8-9,text,true,,230800,135,2,2,https://www.makemytrip.com:443/holidays-india/,2067,0,0
1705666550646,1833,HTTP Request,200,OK,Assignment_2 8-10,text,true,,237657,246,1,1,https://www.makemytrip.com:443/hotels/,14,0,0
1705666550646,14,HTTP Request-0,301,Moved Permanently,Assignment_2 8-10,text,true,,345,119,1,1,https://makemytrip.com/hotels/,14,0,0
1705666550660,1819,HTTP Request-1,200,OK,Assignment_2 8-10,text,true,,237312,127,1,1,https://www.makemytrip.com:443/hotels/,1774,0,0
1705668234059,2066,HTTP Request,200,OK,Assignment_no3 9-1,text,true,,237647,246,1,9,https://www.makemytrip.com:443/hotels/,174,0,159
1705668234059,174,HTTP Request-0,301,Moved Permanently,Assignment_no3 9-1,text,true,,345,119,1,9,https://makemytrip.com/hotels/,174,0,159
1705668234233,1892,HTTP Request-1,200,OK,Assignment_no3 9-1,text,true,,237302,127,1,9,https://www.makemytrip.com:443/hotels/,1833,0,91
1705668234057,2141,HTTP Request,200,OK,Assignment_2 8-1,text,true,,244952,252,2,9,https://www.makemytrip.com:443/homestays/,173,0,159
1705668234057,173,HTTP Request-0,301,Moved Permanently,Assignment_2 8-1,text,true,,348,122,2,9,https://makemytrip.com/homestays/,173,0,159
1705668234230,1968,HTTP Request-1,200,OK,Assignment_2 8-1,text,true,,244604,130,2,9,https://www.makemytrip.com:443/homestays/,1916,0,94
1705668240050,1870,HTTP Request,200,OK,Assignment_2 8-1,text,true,,244964,252,3,5,https://www.makemytrip.com:443/homestays/,28,0,0
1705668240050,28,HTTP Request-0,301,Moved Permanently,Assignment_2 8-1,text,true,,348,122,3,5,https://makemytrip.com/homestays/,28,0,0
1705668240078,1842,HTTP Request-1,200,OK,Assignment_2 8-1,text,true,,244616,130,3,5,https://www.makemytrip.com:443/homestays/,1826,0,0
1705668240050,2382,HTTP Request,200,OK,Assignment_2 8-2,text,true,,231153,262,3,5,https://www.makemytrip.com:443/holidays-india/,62,0,43
1705668240050,62,HTTP Request-0,301,Moved Permanently,Assignment_2 8-2,text,true,,353,127,3,5,https://makemytrip.com/holidays-india/,62,0,43
1705668240113,2319,HTTP Request-1,200,OK,Assignment_2 8-2,text,true,,230800,135,3,5,https://www.makemytrip.com:443/holidays-india/,2264,0,36
1705668241141,2486,HTTP Request,200,OK,Assignment_no3 9-2,text,true,,231117,262,2,5,https://www.makemytrip.com:443/holidays-india/,94,0,63
1705668241141,94,HTTP Request-0,301,Moved Permanently,Assignment_no3 9-2,text,true,,353,127,2,5,https://makemytrip.com/holidays-india/,94,0,63
1705668241236,2391,HTTP Request-1,200,OK,Assignment_no3 9-2,text,true,,230764,135,2,5,https://www.makemytrip.com:443/holidays-india/,2326,0,35
1705668241141,2902,HTTP Request,200,OK,Assignment_no3 9-1,text,true,,231153,262,2,5,https://www.makemytrip.com:443/holidays-india/,14,0,0
1705668241141,14,HTTP Request-0,301,Moved Permanently,Assignment_no3 9-1,text,true,,353,127,2,5,https://makemytrip.com/holidays-india/,14,0,0
1705668241155,2888,HTTP Request-1,200,OK,Assignment_no3 9-1,text,true,,230800,135,2,5,https://www.makemytrip.com:443/holidays-india/,2857,0,0
1705668246055,1777,HTTP Request,200,OK,Assignment_2 8-1,text,true,,244960,252,4,6,https://www.makemytrip.com:443/homestays/,15,0,0
1705668246055,15,HTTP Request-0,301,Moved Permanently,Assignment_2 8-1,text,true,,348,122,4,6,https://makemytrip.com/homestays/,15,0,0
1705668246071,1761,HTTP Request-1,200,OK,Assignment_2 8-1,text,true,,244612,130,4,6,https://www.makemytrip.com:443/homestays/,1748,0,0
1705668246055,1871,HTTP Request,200,OK,Assignment_2 8-2,text,true,,237652,246,3,5,https://www.makemytrip.com:443/hotels/,18,0,0
1705668246055,18,HTTP Request-0,301,Moved Permanently,Assignment_2 8-2,text,true,,345,119,3,5,https://makemytrip.com/hotels/,18,0,0
1705668246073,1853,HTTP Request-1,200,OK,Assignment_2 8-2,text,true,,237307,127,3,5,https://www.makemytrip.com:443/hotels/,1813,0,0
1705668246056,1947,HTTP Request,200,OK,Assignment_2 8-3,text,true,,237628,246,3,5,https://www.makemytrip.com:443/hotels/,88,0,69
1705668246056,88,HTTP Request-0,301,Moved Permanently,Assignment_2 8-3,text,true,,345,119,3,5,https://makemytrip.com/hotels/,88,0,69
1705668246145,1858,HTTP Request-1,200,OK,Assignment_2 8-3,text,true,,237283,127,3,5,https://www.makemytrip.com:443/hotels/,1796,0,44
1705668248636,1830,HTTP Request,200,OK,Assignment_no3 9-1,text,true,,244964,252,2,5,https://www.makemytrip.com:443/homestays/,14,0,0
1705668248636,14,HTTP Request-0,301,Moved Permanently,Assignment_no3 9-1,text,true,,348,122,2,5,https://makemytrip.com/homestays/,14,0,0
1705668248650,1816,HTTP Request-1,200,OK,Assignment_no3 9-1,text,true,,244616,130,2,5,https://www.makemytrip.com:443/homestays/,1789,0,0
1705668248636,2241,HTTP Request,200,OK,Assignment_no3 9-2,text,true,,231153,262,1,4,https://www.makemytrip.com:443/holidays-india/,14,0,0
1705668248636,14,HTTP Request-0,301,Moved Permanently,Assignment_no3 9-2,text,true,,353,127,1,4,https://makemytrip.com/holidays-india/,14,0,0
1705668248650,2227,HTTP Request-1,200,OK,Assignment_no3 9-2,text,true,,230800,135,1,4,https://www.makemytrip.com:443/holidays-india/,2193,0,0
1705668252053,1844,HTTP Request,200,OK,Assignment_2 8-3,text,true,,244964,252,4,6,https://www.makemytrip.com:443/homestays/,16,0,0
1705668252053,16,HTTP Request-0,301,Moved Permanently,Assignment_2 8-3,text,true,,348,122,4,6,https://makemytrip.com/homestays/,16,0,0
1705668252069,1828,HTTP Request-1,200,OK,Assignment_2 8-3,text,true,,244616,130,4,6,https://www.makemytrip.com:443/homestays/,1812,0,0
1705668252054,2024,HTTP Request,200,OK,Assignment_2 8-4,text,true,,237633,246,4,6,https://www.makemytrip.com:443/hotels/,80,0,65
1705668252054,80,HTTP Request-0,301,Moved Permanently,Assignment_2 8-4,text,true,,345,119,4,6,https://makemytrip.com/hotels/,80,0,65
1705668252134,1944,HTTP Request-1,200,OK,Assignment_2 8-4,text,true,,237288,127,4,6,https://www.makemytrip.com:443/hotels/,1852,0,47
1705668252053,2335,HTTP Request,200,OK,Assignment_2 8-2,text,true,,231153,262,4,6,https://www.makemytrip.com:443/holidays-india/,15,0,0
1705668252053,15,HTTP Request-0,301,Moved Permanently,Assignment_2 8-2,text,true,,353,127,4,6,https://makemytrip.com/holidays-india/,15,0,0
1705668252068,2320,HTTP Request-1,200,OK,Assignment_2 8-2,text,true,,230800,135,4,6,https://www.makemytrip.com:443/holidays-india/,2290,0,0
1705668255893,1865,HTTP Request,200,OK,Assignment_no3 9-2,text,true,,237658,246,2,5,https://www.makemytrip.com:443/hotels/,20,0,0
1705668255893,20,HTTP Request-0,301,Moved Permanently,Assignment_no3 9-2,text,true,,345,119,2,5,https://makemytrip.com/hotels/,20,0,0
1705668255914,1844,HTTP Request-1,200,OK,Assignment_no3 9-2,text,true,,237313,127,2,5,https://www.makemytrip.com:443/hotels/,1804,0,0
1705668255894,1960,HTTP Request,200,OK,Assignment_no3 9-3,text,true,,244928,252,1,4,https://www.makemytrip.com:443/homestays/,83,0,70
1705668255894,83,HTTP Request-0,301,Moved Permanently,Assignment_no3 9-3,text,true,,348,122,1,4,https://makemytrip.com/homestays/,83,0,70
1705668255978,1876,HTTP Request-1,200,OK,Assignment_no3 9-3,text,true,,244580,130,1,4,https://www.makemytrip.com:443/homestays/,1819,0,59
1705668258066,1911,HTTP Request,200,OK,Assignment_2 8-3,text,true,,237662,246,4,5,https://www.makemytrip.com:443/hotels/,15,0,0
1705668258066,15,HTTP Request-0,301,Moved Permanently,Assignment_2 8-3,text,true,,345,119,4,5,https://makemytrip.com/hotels/,15,0,0
1705668258081,1896,HTTP Request-1,200,OK,Assignment_2 8-3,text,true,,237317,127,4,5,https://www.makemytrip.com:443/hotels/,1848,0,0
1705668258066,2268,HTTP Request,200,OK,Assignment_2 8-5,text,true,,231141,262,3,4,https://www.makemytrip.com:443/holidays-india/,69,0,56
1705668258066,69,HTTP Request-0,301,Moved Permanently,Assignment_2 8-5,text,true,,353,127,3,4,https://makemytrip.com/holidays-india/,69,0,56
1705668258135,2199,HTTP Request-1,200,OK,Assignment_2 8-5,text,true,,230788,135,3,4,https://www.makemytrip.com:443/holidays-india/,2134,0,35
1705668258066,2697,HTTP Request,200,OK,Assignment_2 8-4,text,true,,231153,262,3,4,https://www.makemytrip.com:443/holidays-india/,15,0,0
1705668258066,15,HTTP Request-0,301,Moved Permanently,Assignment_2 8-4,text,true,,353,127,3,4,https://makemytrip.com/holidays-india/,15,0,0
1705668258081,2682,HTTP Request-1,200,OK,Assignment_2 8-4,text,true,,230800,135,3,4,https://www.makemytrip.com:443/holidays-india/,2638,0,0
1705668262867,1911,HTTP Request,200,OK,Assignment_no3 9-3,text,true,,244964,252,1,4,https://www.makemytrip.com:443/homestays/,24,0,0
1705668262867,24,HTTP Request-0,301,Moved Permanently,Assignment_no3 9-3,text,true,,348,122,1,4,https://makemytrip.com/homestays/,24,0,0
1705668262891,1887,HTTP Request-1,200,OK,Assignment_no3 9-3,text,true,,244616,130,1,4,https://www.makemytrip.com:443/homestays/,1868,0,0
1705668264058,1784,HTTP Request,200,OK,Assignment_2 8-4,text,true,,244964,252,4,6,https://www.makemytrip.com:443/homestays/,15,0,0
1705668264058,15,HTTP Request-0,301,Moved Permanently,Assignment_2 8-4,text,true,,348,122,4,6,https://makemytrip.com/homestays/,15,0,0
1705668264073,1769,HTTP Request-1,200,OK,Assignment_2 8-4,text,true,,244616,130,4,6,https://www.makemytrip.com:443/homestays/,1754,0,0
1705668264059,2064,HTTP Request,200,OK,Assignment_2 8-6,text,true,,237647,246,3,5,https://www.makemytrip.com:443/hotels/,64,0,50
1705668264059,64,HTTP Request-0,301,Moved Permanently,Assignment_2 8-6,text,true,,345,119,3,5,https://makemytrip.com/hotels/,64,0,50
1705668264123,2000,HTTP Request-1,200,OK,Assignment_2 8-6,text,true,,237302,127,3,5,https://www.makemytrip.com:443/hotels/,1894,0,32
1705668264058,2404,HTTP Request,200,OK,Assignment_2 8-5,text,true,,231153,262,3,5,https://www.makemytrip.com:443/holidays-india/,15,0,0
1705668264058,15,HTTP Request-0,301,Moved Permanently,Assignment_2 8-5,text,true,,353,127,3,5,https://makemytrip.com/holidays-india/,15,0,0
1705668264073,2389,HTTP Request-1,200,OK,Assignment_2 8-5,text,true,,230800,135,3,5,https://www.makemytrip.com:443/holidays-india/,2333,0,0
1705668269792,1853,HTTP Request,200,OK,Assignment_no3 9-3,text,true,,237645,246,2,6,https://www.makemytrip.com:443/hotels/,17,0,0
1705668269792,17,HTTP Request-0,301,Moved Permanently,Assignment_no3 9-3,text,true,,345,119,2,6,https://makemytrip.com/hotels/,17,0,0
1705668269809,1836,HTTP Request-1,200,OK,Assignment_no3 9-3,text,true,,237300,127,2,6,https://www.makemytrip.com:443/hotels/,1802,0,0
1705668269793,2072,HTTP Request,200,OK,Assignment_no3 9-4,text,true,,244928,252,1,5,https://www.makemytrip.com:443/homestays/,120,0,103
1705668269793,120,HTTP Request-0,301,Moved Permanently,Assignment_no3 9-4,text,true,,348,122,1,5,https://makemytrip.com/homestays/,120,0,103
1705668269913,1952,HTTP Request-1,200,OK,Assignment_no3 9-4,text,true,,244580,130,1,5,https://www.makemytrip.com:443/homestays/,1894,0,56
1705668270056,1992,HTTP Request,200,OK,Assignment_2 8-6,text,true,,237655,246,4,5,https://www.makemytrip.com:443/hotels/,14,0,0
1705668270056,14,HTTP Request-0,301,Moved Permanently,Assignment_2 8-6,text,true,,345,119,4,5,https://makemytrip.com/hotels/,14,0,0
1705668270070,1978,HTTP Request-1,200,OK,Assignment_2 8-6,text,true,,237310,127,4,5,https://www.makemytrip.com:443/hotels/,1884,0,0
1705668270057,2312,HTTP Request,200,OK,Assignment_2 8-7,text,true,,231117,262,4,5,https://www.makemytrip.com:443/holidays-india/,87,0,66
1705668270057,87,HTTP Request-0,301,Moved Permanently,Assignment_2 8-7,text,true,,353,127,4,5,https://makemytrip.com/holidays-india/,87,0,66
1705668270145,2224,HTTP Request-1,200,OK,Assignment_2 8-7,text,true,,230764,135,4,5,https://www.makemytrip.com:443/holidays-india/,2125,0,46
1705668270056,2324,HTTP Request,200,OK,Assignment_2 8-5,text,true,,231153,262,4,5,https://www.makemytrip.com:443/holidays-india/,14,0,0
1705668270056,14,HTTP Request-0,301,Moved Permanently,Assignment_2 8-5,text,true,,353,127,4,5,https://makemytrip.com/holidays-india/,14,0,0
1705668270070,2310,HTTP Request-1,200,OK,Assignment_2 8-5,text,true,,230800,135,4,5,https://www.makemytrip.com:443/holidays-india/,2287,0,0
1705668276057,1827,HTTP Request,200,OK,Assignment_2 8-7,text,true,,244964,252,4,6,https://www.makemytrip.com:443/homestays/,13,0,0
1705668276057,13,HTTP Request-0,301,Moved Permanently,Assignment_2 8-7,text,true,,348,122,4,6,https://makemytrip.com/homestays/,13,0,0
1705668276071,1813,HTTP Request-1,200,OK,Assignment_2 8-7,text,true,,244616,130,4,6,https://www.makemytrip.com:443/homestays/,1778,0,0
1705668276057,1892,HTTP Request,200,OK,Assignment_2 8-8,text,true,,244928,252,4,6,https://www.makemytrip.com:443/homestays/,66,0,51
1705668276057,66,HTTP Request-0,301,Moved Permanently,Assignment_2 8-8,text,true,,348,122,4,6,https://makemytrip.com/homestays/,66,0,51
1705668276124,1825,HTTP Request-1,200,OK,Assignment_2 8-8,text,true,,244580,130,4,6,https://www.makemytrip.com:443/homestays/,1783,0,46
1705668276057,2199,HTTP Request,200,OK,Assignment_2 8-6,text,true,,231153,262,4,6,https://www.makemytrip.com:443/holidays-india/,13,0,0
1705668276057,13,HTTP Request-0,301,Moved Permanently,Assignment_2 8-6,text,true,,353,127,4,6,https://makemytrip.com/holidays-india/,13,0,0
1705668276071,2185,HTTP Request-1,200,OK,Assignment_2 8-6,text,true,,230800,135,4,6,https://www.makemytrip.com:443/holidays-india/,2150,0,0
1705668276867,1909,HTTP Request,200,OK,Assignment_no3 9-4,text,true,,237653,246,2,5,https://www.makemytrip.com:443/hotels/,12,0,0
1705668276867,12,HTTP Request-0,301,Moved Permanently,Assignment_no3 9-4,text,true,,345,119,2,5,https://makemytrip.com/hotels/,12,0,0
1705668276879,1897,HTTP Request-1,200,OK,Assignment_no3 9-4,text,true,,237308,127,2,5,https://www.makemytrip.com:443/hotels/,1828,0,0
1705668282055,1799,HTTP Request,200,OK,Assignment_2 8-8,text,true,,237657,246,4,6,https://www.makemytrip.com:443/hotels/,20,0,0
1705668282055,20,HTTP Request-0,301,Moved Permanently,Assignment_2 8-8,text,true,,345,119,4,6,https://makemytrip.com/hotels/,20,0,0
1705668282075,1779,HTTP Request-1,200,OK,Assignment_2 8-8,text,true,,237312,127,4,6,https://www.makemytrip.com:443/hotels/,1737,0,0
1705668282055,1883,HTTP Request,200,OK,Assignment_2 8-7,text,true,,244960,252,4,6,https://www.makemytrip.com:443/homestays/,20,0,0
1705668282055,20,HTTP Request-0,301,Moved Permanently,Assignment_2 8-7,text,true,,348,122,4,6,https://makemytrip.com/homestays/,20,0,0
1705668282075,1863,HTTP Request-1,200,OK,Assignment_2 8-7,text,true,,244612,130,4,6,https://www.makemytrip.com:443/homestays/,1836,0,0
1705668282056,2008,HTTP Request,200,OK,Assignment_2 8-9,text,true,,237621,246,3,5,https://www.makemytrip.com:443/hotels/,78,0,66
1705668282056,78,HTTP Request-0,301,Moved Permanently,Assignment_2 8-9,text,true,,345,119,3,5,https://makemytrip.com/hotels/,78,0,66
1705668282134,1930,HTTP Request-1,200,OK,Assignment_2 8-9,text,true,,237276,127,3,5,https://www.makemytrip.com:443/hotels/,1873,0,47
1705668282071,2267,HTTP Request,200,OK,Assignment_no3 9-4,text,true,,231153,262,2,5,https://www.makemytrip.com:443/holidays-india/,16,0,0
1705668282071,16,HTTP Request-0,301,Moved Permanently,Assignment_no3 9-4,text,true,,353,127,2,5,https://makemytrip.com/holidays-india/,16,0,0
1705668282087,2251,HTTP Request-1,200,OK,Assignment_no3 9-4,text,true,,230800,135,2,5,https://www.makemytrip.com:443/holidays-india/,2232,0,0
1705668282072,2653,HTTP Request,200,OK,Assignment_no3 9-5,text,true,,231093,262,1,4,https://www.makemytrip.com:443/holidays-india/,71,0,58
1705668282072,71,HTTP Request-0,301,Moved Permanently,Assignment_no3 9-5,text,true,,353,127,1,4,https://makemytrip.com/holidays-india/,71,0,58
1705668282143,2582,HTTP Request-1,200,OK,Assignment_no3 9-5,text,true,,230740,135,1,4,https://www.makemytrip.com:443/holidays-india/,2518,0,39
1705668288055,1897,HTTP Request,200,OK,Assignment_2 8-8,text,true,,237659,246,3,5,https://www.makemytrip.com:443/hotels/,14,0,0
1705668288055,14,HTTP Request-0,301,Moved Permanently,Assignment_2 8-8,text,true,,345,119,3,5,https://makemytrip.com/hotels/,14,0,0
1705668288069,1883,HTTP Request-1,200,OK,Assignment_2 8-8,text,true,,237314,127,3,5,https://www.makemytrip.com:443/hotels/,1847,0,0
1705668288056,2003,HTTP Request,200,OK,Assignment_2 8-10,text,true,,244928,252,2,4,https://www.makemytrip.com:443/homestays/,81,0,67
1705668288056,81,HTTP Request-0,301,Moved Permanently,Assignment_2 8-10,text,true,,348,122,2,4,https://makemytrip.com/homestays/,81,0,67
1705668288138,1921,HTTP Request-1,200,OK,Assignment_2 8-10,text,true,,244580,130,2,4,https://www.makemytrip.com:443/homestays/,1854,0,46
1705668288055,2158,HTTP Request,200,OK,Assignment_2 8-9,text,true,,231153,262,2,4,https://www.makemytrip.com:443/holidays-india/,14,0,0
1705668288055,14,HTTP Request-0,301,Moved Permanently,Assignment_2 8-9,text,true,,353,127,2,4,https://makemytrip.com/holidays-india/,14,0,0
1705668288069,2144,HTTP Request-1,200,OK,Assignment_2 8-9,text,true,,230800,135,2,4,https://www.makemytrip.com:443/holidays-india/,2114,0,0
1705668289725,1772,HTTP Request,200,OK,Assignment_no3 9-5,text,true,,244964,252,2,4,https://www.makemytrip.com:443/homestays/,13,0,0
1705668289725,13,HTTP Request-0,301,Moved Permanently,Assignment_no3 9-5,text,true,,348,122,2,4,https://makemytrip.com/homestays/,13,0,0
1705668289738,1759,HTTP Request-1,200,OK,Assignment_no3 9-5,text,true,,244616,130,2,4,https://www.makemytrip.com:443/homestays/,1740,0,0
1705668289726,1920,HTTP Request,200,OK,Assignment_no3 9-6,text,true,,237626,246,2,4,https://www.makemytrip.com:443/hotels/,71,0,60
1705668289726,71,HTTP Request-0,301,Moved Permanently,Assignment_no3 9-6,text,true,,345,119,2,4,https://makemytrip.com/hotels/,71,0,60
1705668289797,1849,HTTP Request-1,200,OK,Assignment_no3 9-6,text,true,,237281,127,2,4,https://www.makemytrip.com:443/hotels/,1796,0,44
1705668295070,1813,HTTP Request,200,OK,Assignment_2 8-9,text,true,,244964,252,2,4,https://www.makemytrip.com:443/homestays/,19,0,0
1705668295070,19,HTTP Request-0,301,Moved Permanently,Assignment_2 8-9,text,true,,348,122,2,4,https://makemytrip.com/homestays/,19,0,0
1705668295089,1794,HTTP Request-1,200,OK,Assignment_2 8-9,text,true,,244616,130,2,4,https://www.makemytrip.com:443/homestays/,1783,0,0
1705668295070,2334,HTTP Request,200,OK,Assignment_2 8-10,text,true,,231153,262,1,3,https://www.makemytrip.com:443/holidays-india/,19,0,0
1705668295070,19,HTTP Request-0,301,Moved Permanently,Assignment_2 8-10,text,true,,353,127,1,3,https://makemytrip.com/holidays-india/,19,0,0
1705668295089,2315,HTTP Request-1,200,OK,Assignment_2 8-10,text,true,,230800,135,1,3,https://www.makemytrip.com:443/holidays-india/,2286,0,0
1705668296509,1810,HTTP Request,200,OK,Assignment_no3 9-5,text,true,,289259,246,2,3,https://www.makemytrip.com:443/hotels/,14,0,0
1705668296509,14,HTTP Request-0,301,Moved Permanently,Assignment_no3 9-5,text,true,,345,119,2,3,https://makemytrip.com/hotels/,14,0,0
1705668296523,1796,HTTP Request-1,200,OK,Assignment_no3 9-5,text,true,,288914,127,2,3,https://www.makemytrip.com:443/hotels/,1748,0,0
1705668296509,3079,HTTP Request,200,OK,Assignment_no3 9-6,text,true,,231153,262,1,2,https://www.makemytrip.com:443/holidays-india/,14,0,0
1705668296509,14,HTTP Request-0,301,Moved Permanently,Assignment_no3 9-6,text,true,,353,127,1,2,https://makemytrip.com/holidays-india/,14,0,0
1705668296523,3065,HTTP Request-1,200,OK,Assignment_no3 9-6,text,true,,230800,135,1,2,https://www.makemytrip.com:443/holidays-india/,3036,0,0
1705668302418,1861,HTTP Request,200,OK,Assignment_2 8-10,text,true,,244964,252,1,3,https://www.makemytrip.com:443/homestays/,16,0,0
1705668302418,16,HTTP Request-0,301,Moved Permanently,Assignment_2 8-10,text,true,,348,122,1,3,https://makemytrip.com/homestays/,16,0,0
1705668302434,1845,HTTP Request-1,200,OK,Assignment_2 8-10,text,true,,244616,130,1,3,https://www.makemytrip.com:443/homestays/,1839,0,0
1705668304599,1803,HTTP Request,200,OK,Assignment_no3 9-6,text,true,,237659,246,2,2,https://www.makemytrip.com:443/hotels/,14,0,0
1705668304599,14,HTTP Request-0,301,Moved Permanently,Assignment_no3 9-6,text,true,,345,119,2,2,https://makemytrip.com/hotels/,14,0,0
1705668304613,1789,HTTP Request-1,200,OK,Assignment_no3 9-6,text,true,,237314,127,2,2,https://www.makemytrip.com:443/hotels/,1744,0,0
1705668304599,2764,HTTP Request,200,OK,Assignment_no3 9-7,text,true,,231137,262,1,1,https://www.makemytrip.com:443/holidays-india/,150,0,136
1705668304599,150,HTTP Request-0,301,Moved Permanently,Assignment_no3 9-7,text,true,,353,127,1,1,https://makemytrip.com/holidays-india/,150,0,136
1705668304749,2614,HTTP Request-1,200,OK,Assignment_no3 9-7,text,true,,230784,135,1,1,https://www.makemytrip.com:443/holidays-india/,2493,0,105
1705668312374,1822,HTTP Request,200,OK,Assignment_no3 9-7,text,true,,244964,252,2,2,https://www.makemytrip.com:443/homestays/,14,0,0
1705668312374,14,HTTP Request-0,301,Moved Permanently,Assignment_no3 9-7,text,true,,348,122,2,2,https://makemytrip.com/homestays/,14,0,0
1705668312388,1808,HTTP Request-1,200,OK,Assignment_no3 9-7,text,true,,244616,130,2,2,https://www.makemytrip.com:443/homestays/,1780,0,0
1705668318076,1923,HTTP Request,200,OK,Assignment_no3 9-8,text,true,,237642,246,2,2,https://www.makemytrip.com:443/hotels/,75,0,61
1705668318076,75,HTTP Request-0,301,Moved Permanently,Assignment_no3 9-8,text,true,,345,119,2,2,https://makemytrip.com/hotels/,75,0,61
1705668318151,1848,HTTP Request-1,200,OK,Assignment_no3 9-8,text,true,,237297,127,2,2,https://www.makemytrip.com:443/hotels/,1802,0,44
1705668318076,2508,HTTP Request,200,OK,Assignment_no3 9-7,text,true,,231153,262,2,2,https://www.makemytrip.com:443/holidays-india/,14,0,0
1705668318076,14,HTTP Request-0,301,Moved Permanently,Assignment_no3 9-7,text,true,,353,127,2,2,https://makemytrip.com/holidays-india/,14,0,0
1705668318090,2494,HTTP Request-1,200,OK,Assignment_no3 9-7,text,true,,230800,135,2,2,https://www.makemytrip.com:443/holidays-india/,2453,0,0
1705668325004,1805,HTTP Request,200,OK,Assignment_no3 9-8,text,true,,244964,252,2,2,https://www.makemytrip.com:443/homestays/,15,0,0
1705668325004,15,HTTP Request-0,301,Moved Permanently,Assignment_no3 9-8,text,true,,348,122,2,2,https://makemytrip.com/homestays/,15,0,0
1705668325019,1790,HTTP Request-1,200,OK,Assignment_no3 9-8,text,true,,244616,130,2,2,https://www.makemytrip.com:443/homestays/,1777,0,0
1705668330073,1991,HTTP Request,200,OK,Assignment_no3 9-9,text,true,,237619,246,2,2,https://www.makemytrip.com:443/hotels/,67,0,55
1705668330073,67,HTTP Request-0,301,Moved Permanently,Assignment_no3 9-9,text,true,,345,119,2,2,https://makemytrip.com/hotels/,67,0,55
1705668330140,1924,HTTP Request-1,200,OK,Assignment_no3 9-9,text,true,,237274,127,2,2,https://www.makemytrip.com:443/hotels/,1850,0,31
1705668330072,2182,HTTP Request,200,OK,Assignment_no3 9-8,text,true,,231153,262,2,2,https://www.makemytrip.com:443/holidays-india/,17,0,0
1705668330072,17,HTTP Request-0,301,Moved Permanently,Assignment_no3 9-8,text,true,,353,127,2,2,https://makemytrip.com/holidays-india/,17,0,0
1705668330089,2165,HTTP Request-1,200,OK,Assignment_no3 9-8,text,true,,230800,135,2,2,https://www.makemytrip.com:443/holidays-india/,2130,0,0
1705668337077,1851,HTTP Request,200,OK,Assignment_no3 9-9,text,true,,244964,252,2,2,https://www.makemytrip.com:443/homestays/,16,0,0
1705668337077,16,HTTP Request-0,301,Moved Permanently,Assignment_no3 9-9,text,true,,348,122,2,2,https://makemytrip.com/homestays/,16,0,0
1705668337093,1835,HTTP Request-1,200,OK,Assignment_no3 9-9,text,true,,244616,130,2,2,https://www.makemytrip.com:443/homestays/,1810,0,0
1705668337078,2240,HTTP Request,200,OK,Assignment_no3 9-10,text,true,,237619,246,2,2,https://www.makemytrip.com:443/hotels/,118,0,104
1705668337078,118,HTTP Request-0,301,Moved Permanently,Assignment_no3 9-10,text,true,,345,119,2,2,https://makemytrip.com/hotels/,118,0,104
1705668337196,2122,HTTP Request-1,200,OK,Assignment_no3 9-10,text,true,,237274,127,2,2,https://www.makemytrip.com:443/hotels/,2060,0,106
1705668343943,1789,HTTP Request,200,OK,Assignment_no3 9-10,text,true,,244964,252,2,2,https://www.makemytrip.com:443/homestays/,14,0,0
1705668343943,14,HTTP Request-0,301,Moved Permanently,Assignment_no3 9-10,text,true,,348,122,2,2,https://makemytrip.com/homestays/,14,0,0
1705668343957,1775,HTTP Request-1,200,OK,Assignment_no3 9-10,text,true,,244616,130,2,2,https://www.makemytrip.com:443/homestays/,1760,0,0
1705668343944,2159,HTTP Request,200,OK,Assignment_no3 9-9,text,true,,231153,262,2,2,https://www.makemytrip.com:443/holidays-india/,13,0,0
1705668343944,13,HTTP Request-0,301,Moved Permanently,Assignment_no3 9-9,text,true,,353,127,2,2,https://makemytrip.com/holidays-india/,13,0,0
1705668343957,2146,HTTP Request-1,200,OK,Assignment_no3 9-9,text,true,,230800,135,2,2,https://www.makemytrip.com:443/holidays-india/,2099,0,0
1705668350740,1835,HTTP Request,200,OK,Assignment_no3 9-10,text,true,,237654,246,1,1,https://www.makemytrip.com:443/hotels/,18,0,0
1705668350740,18,HTTP Request-0,301,Moved Permanently,Assignment_no3 9-10,text,true,,345,119,1,1,https://makemytrip.com/hotels/,18,0,0
1705668350758,1817,HTTP Request-1,200,OK,Assignment_no3 9-10,text,true,,237309,127,1,1,https://www.makemytrip.com:443/hotels/,1756,0,0
